{
  "Welcome you GoStore": "Καλώς ήρθες GoStore",
  "GoStore is on the wat to serve you": "Το StorGe είναι στο δρόμο για να σας εξυπηρετήσει",
  "Select Language": "Επιλέξτε γλώσσα",
  "It is a long established fact that a reader will be distracted by the readable content of a page when looking at its layout": "Είναι από καιρό καθιερωμένο γεγονός ότι ο αναγνώστης θα αποσπαστεί από το αναγνώσιμο περιεχόμενο μιας σελίδας όταν κοιτάζει τη διάταξή της",
  "Cancel": "Ματαίωση",
  "Connect Surrounding World": "Συνδέστε τον περιβάλλοντα κόσμο",
  "Let’s Get Started": "Ας αρχίσουμε",
  "Waiting no more, let’s see what we get!": "Δεν περιμένουμε άλλο, ας δούμε τι θα πάρουμε!",
  "Sign In": "Συνδεθείτε",
  "Sign Up": "Εγγραφείτε",
  "Skip": "Παραλείπω",
  "Get Started": "Ξεκίνα",
  "Next": "Επόμενο",
  "Email Address": "Διεύθυνση ηλεκτρονικού ταχυδρομείου",
  "Email": "ΗΛΕΚΤΡΟΝΙΚΗ ΔΙΕΥΘΥΝΣΗ",
  "Phone number": "Τηλεφωνικό νούμερο",
  "Password": "Κωδικός πρόσβασης",
  "Forgot Password?": "Ξεχάσατε τον κωδικό;",
  "Or Log in with": "Ή Συνδεθείτε με",
  "Log in With Google": "Συνδεθείτε με το Google",
  "Log in With Facebook": "Σύνδεση με το Facebook",
  "Don\\'t have account? ": "Δεν έχετε λογαριασμό;",
  "First Name": "Ονομα",
  "Last Name": "Επίθετο",
  "I want to create an account": "Θέλω να δημιουργήσω έναν λογαριασμό",
  "I agree with ": "συμφωνώ με ",
  "Privacy and Terms": "Απόρρητο και Όροι",
  "Have you an account? ": "Έχετε λογαριασμό;",
  "Forget Password": "Ξεχάστε τον κωδικό πρόσβασης",
  "Send Code": "Στέλνω κωδικό",
  "Email Sent": "Το μήνυμα ηλεκτρονικού ταχυδρομείου εστάλη",
  "Check your email and open the link we sent to continue": "Ελέγξτε το email σας και ανοίξτε τον σύνδεσμο που στείλαμε για να συνεχίσετε",
  "Go to Email": "Μεταβείτε στο Email",
  "Code from Email": "Κωδικός από email",
  "Reset Password": "Επαναφέρετε τον κωδικό πρόσβασης",
  "Type new Password": "Πληκτρολογήστε νέο κωδικό πρόσβασης",
  "Confirm Password": "Επιβεβαίωση Κωδικού",
  "Your password was reset": "Έγινε επαναφορά του κωδικού πρόσβασής σας",
  "Go to Login": "Μεταβείτε στο Login",
  "Back to Products": "Επιστροφή στα Προϊόντα",
  "You might also like": "Μπορεί επίσης να σας αρέσει",
  "Categories": "Κατηγορίες",
  "Description": "Περιγραφή",
  "Size:": "Μέγεθος:",
  "SALE": "ΠΩΛΗΣΗ",
  "Products": "Προϊόντα",
  "See All": "Προβολή όλων",
  "Show products": "Εμφάνιση προϊόντων",
  "Available: ": "Διαθέσιμος:",
  "Rates": "Τιμές",
  "SKU": "SKU",
  "Product": "Προϊόν",
  "Reviews": "Κριτικές",
  "Elisabeth on": "Η Ελίζαμπεθ",
  "Report": "Κανω ΑΝΑΦΟΡΑ",
  "Show more Reviews": "Εμφάνιση περισσότερων κριτικών",
  "Write a Review": "Γράψτε μια κριτική",
  "Send Review": "Αποστολή κριτικής",
  "Your Name": "Το όνομα σου",
  "Review Title": "Τίτλος κριτικής",
  "Select your Rate:": "Επιλέξτε την τιμή σας:",
  "Filters": "Φίλτρα",
  "Tags": "Ετικέτες",
  "Price Range": "Εύρος τιμών",
  "Colors": "Χρωματιστά",
  "Size": "Μέγεθος",
  "Show Results": "Εμφάνιση αποτελεσμάτων",
  "Clear Filters": "Διαγραφή φίλτρων",
  "Hello!": "Γειά σου!",
  "Find cool products fit your style": "Βρείτε δροσερά προϊόντα που ταιριάζουν στο στυλ σας",
  "Best Sellers": "Best Sellers",
  "On sale Today": "Σε πώληση σήμερα",
  "Best Man Collection": "Συλλογή Best Man",
  "Top Rated Products": "Προϊόντα με κορυφαία βαθμολογία",
  "Our Blog Posts": "Οι αναρτήσεις του ιστολογίου μας",
  "New Collections": "Νέες Συλλογές",
  "products": "προϊόντα",
  "are found": "βρίσκονται",
  "Select Saved Address": "Επιλέξτε Αποθηκευμένη διεύθυνση",
  "Go to Shipping": "Μεταβείτε στην Αποστολή",
  "Or Select from the map": "Ή Επιλέξτε από τον χάρτη",
  "Cart": "Καροτσάκι",
  "Have you a Coupon Code?": "Έχετε κωδικό κουπονιού;",
  "Apply": "Ισχύουν",
  "Continue": "Να συνεχίσει",
  "Total Price": "Συνολικό ποσό",
  "Price": "Τιμή",
  "Color": "Χρώμα",
  "Checkout": "Ολοκλήρωση αγοράς",
  "It’s Ordered!": "Παραγγέλθηκε!",
  "Your order": "Παραγγελία σας",
  "was successfully placed!": "τοποθετήθηκε με επιτυχία!",
  "Back to Shop": "Επιστροφή στο Κατάστημα",
  "Change": "Αλλαγή",
  "Delivery": "Διανομή",
  "Payment": "Πληρωμή",
  "Finalize!": "Οριστικοποιώ!",
  "Select Payment Service": "Επιλέξτε Υπηρεσία πληρωμών",
  "Go to Preview": "Μεταβείτε στην Προεπισκόπηση",
  "Select place from the map": "Επιλέξτε μέρος από τον χάρτη",
  "Save Address": "Αποθήκευση διεύθυνσης",
  "Select Shipping Service": "Επιλέξτε Υπηρεσία αποστολής",
  "Go to Payment": "Μεταβείτε στην Πληρωμή",
  "Gathering information's": "Συλλογή πληροφοριών",
  "Best Articles": "Τα καλύτερα άρθρα",
  "Featured Article": "Προτεινόμενα άρθρο",
  "Currencies": "νομίσματα",
  "Change Currency": "Αλλαγή νομίσματος",
  "Which currency do you prefer?": "Ποιο νόμισμα προτιμάτε;",
  "Languages": "Γλώσσες",
  "Change Language": "Αλλαγή Γλωσσών",
  "Which language do you prefer?": "Ποια γλώσσα προτιμάτε;",
  "Orders History": "Ιστορικό παραγγελιών",
  "Address:": "Διεύθυνση:",
  "Status:": "Κατάσταση:",
  "Payment:": "Πληρωμή:",
  "Shipping Method:": "Μέθοδος αποστολής:",
  "More information\\'s...": "Περισσότερες πληροφορίες...",
  "Settings": "Ρυθμίσεις",
  "General Settings": "Γενικές Ρυθμίσεις",
  "Save Changes": "Αποθήκευσε τις αλλαγές",
  "My Wishlist": "Η λίστα επιθυμιών μου",
  "Get Notification": "Λήψη ειδοποίησης",
  "Order History": "Ιστορικό παραγγελιών",
  "Dark Theme": "Σκοτεινό θέμα",
  "Theme": "Θέμα",
  "Add to cart or delete": "Προσθήκη στο καλάθι ή διαγραφή",
  "Save your products for next order": "Αποθηκεύστε τα προϊόντα σας για επόμενη παραγγελία",
  "Your wishlist is Empty": "Η Λίστα Επιθυμών σας είναι άδεια",
  "Wishlist": "Λίστα επιθυμιών",
  "Profile": "Προφίλ",
  "Display Name": "Εμφανιζόμενο όνομα",
  "Menu": "Μενού",
  "Address": "Διεύθυνση",
  "Shipping": "Αποστολή",
  "Finalize": "Οριστικοποιώ",
  "Date": "Ημερομηνία",
  "Featured": "Προτεινόμενα",
  "On Sale": "Σε έκπτωση",
  "Shop": "Κατάστημα",
  "Blog": "Ιστολόγιο",
  "Logout": "Αποσύνδεση"
}