{
  "Welcome you GoStore": "Welcome you GoStore",
  "GoStore is on the wat to serve you": "GoStore is on the wat to serve you",
  "It is a long established fact that a reader will be distracted by the readable content of a page when looking at its layout": "It is a long established fact that a reader will be distracted by the readable content of a page when looking at its layout",
  "Cancel": "Cancel",
  "Connect Surrounding World": "Connect Surrounding World",
  "Let’s Get Started": "\"Let’s Get Started",
  "Waiting no more, let’s see what we get!": "Waiting no more, let’s see what we get!",
  "Sign In": "Sign In",
  "Sign Up": "Sign Up",
  "Skip": "Skip",
  "Next": "Next",
  "Email": "Email",
  "Password": "Password",
  "Select Language": "Select Language",
  "Get Started": "Get Started",
  "Email Address": "Email Address",
  "Phone number": "Phone number",
  "Forgot Password?": "Forgot Password?",
  "Or Log in with": "Or Log in with",
  "Log in With Google": "Log in With Google",
  "Log in With Facebook": "Log in With Facebook",
  "Don\\'t have account? ": "Don\\'t have account? ",
  "I want to create an account": "I want to create an account",
  "I agree with ": "I agree with ",
  "Privacy and Terms": "Privacy and Terms",
  "Have you an account? ": "Have you an account? ",
  "Last Name": "Last Name",
  "First Name": "First Name",
  "Forget Password": "Forget Password",
  "Send Code": "Send Code",
  "Email Sent": "Email Sent",
  "Check your email and open the link we sent to continue": "Check your email and open the link we sent to continue",
  "Go to Email": "Go to Email",
  "Code from Email": "Code from Email",
  "Type new Password": "Type new Password",
  "Reset Password": "Reset Password",
  "Confirm Password": "Confirm Password",
  "See All": "See All",
  "Show products": "Show products",
  "Your password was reset": "Your password was reset",
  "Go to Login": "Go to Login",
  "Back to Products": "Back to Products",
  "You might also like": "You might also like",
  "Categories": "Categories",
  "Description": "Description",
  "Size:": "Size:",
  "SALE": "SALE",
  "Products": "Products",
  "Available: ": "Available",
  "Rates": "Rates",
  "SKU": "SKU",
  "Product": "Product",
  "Reviews": "Reviews",
  "Report": "Report",
  "Filters": "Filters",
  "Tags": "Tags",
  "Colors": "Colors",
  "Size": "Size",
  "Hello!": "Hello!",
  "products": "products",
  "Show more Reviews": "Show more Reviews",
  "Select your Rate:": " Select your Rate:",
  "Write a Review": "Write a Review",
  "Elisabeth on": "Elisabeth on",
  "Send Review": "Send Review",
  "Your Name": "Your Name",
  "Review Title": "Review Title",
  "Price Range": "Price Range",
  "Show Results": "Show Results",
  "Clear Filters": "Clear Filters",
  "Find cool products fit your style": "Find cool products fit your style",
  "Best Sellers": "Best Sellers",
  "On sale Today": "On sale Today",
  "Best Man Collection": "Best Man Collection",
  "Top Rated Products": "Top Rated Products",
  "Our Blog Posts": "Our Blog Posts",
  "New Collections": "New Collections",
  "are found": "are found",
  "Select Saved Address": "Select Saved Address",
  "Go to Shipping": "Go to Shipping",
  "Or Select from the map": "Or Select from the map",
  "Have you a Coupon Code?": "Have you a Coupon Code?",
  "Cart": "Cart",
  "Apply": "Apply",
  "Continue": "Continue",
  "Price": "Price",
  "Color": "Color",
  "Checkout": "Checkout",
  "It’s Ordered!": "It’s Ordered!",
  "Total Price": "Total Price",
  "Your order": "Your order",
  "was successfully placed!": "was successfully placed!",
  "Back to Shop": "Back to Shop",
  "Change": "Change",
  "Delivery": "Delivery",
  "Payment": "Payment",
  "Finalize!": "Finalize!",
  "Go to Payment": "Go to Payment",
  "Go to Preview": "Go to Preview",
  "Select Payment Service": "Select Payment Service",
  "Select place from the map": "Select place from the map",
  "Select Shipping Service": "Select Shipping Service",
  "Gathering information's": "Gathering information's",
  "Save Address": "Save Address",
  "Best Articles": "Best Articles",
  "Featured Article": "Featured Article",
  "Change Currency": "Change Currency",
  "Currencies": "Currencies",
  "Languages": "Languages",
  "Which currency do you prefer?": "Which currency do you prefer?",
  "Change Language": "Change Language",
  "Orders History": "Orders History",
  "Which language do you prefer?": "Which language do you prefer?",
  "Address:": "Address",
  "Status:": "Status",
  "Payment:": "Payment",
  "Settings": "Settings",
  "Shipping Method:": "Shipping Method:",
  "More information\\'s...": "More information\\'s...",
  "General Settings": "General Settings",
  "Save Changes": "Save Changes",
  "My Wishlist": "My Wishlist",
  "Get Notification": "Get Notification",
  "Order History": "Order History",
  "Dark Theme": "Dark Theme",
  "Theme": "Theme",
  "Add to cart or delete": "Add to cart or delete",
  "Save your products for next order": "Save your products for next order",
  "Your wishlist is Empty": "Your wishlist is Empty",
  "Wishlist": "Wishlist",
  "Profile": "Profile",
  "Display Name": "Display Name",
  "Menu": "Menu",
  "Address": "Address",
  "Shipping": "Shipping",
  "Finalize": "Finalize",
  "Date": "Date",
  "Featured": "Featured",
  "On Sale": "On Sale",
  "Shop": "Shop",
  "Blog": "Blog",
  "Logout": "Logout"
}