{
  "Welcome you GoStore": "Te damos la bienvenida GoStore",
  "GoStore is on the wat to serve you": "StoraGe está en camino para servirle",
  "Select Language": "Seleccione el idioma",
  "It is a long established fact that a reader will be distracted by the readable content of a page when looking at its layout": "Es un hecho establecido desde hace mucho tiempo que un lector se distraerá con el contenido legible de una página cuando mire su diseño.",
  "Cancel": "Cancelar",
  "Connect Surrounding World": "Conectar el mundo circundante",
  "Let’s Get Started": "Empecemos",
  "Waiting no more, let’s see what we get!": "¡No esperes más, veamos qué obtenemos!",
  "Sign In": "Iniciar sesión",
  "Sign Up": "Inscribirse",
  "Skip": "Saltar",
  "Get Started": "Empezar",
  "Next": "Próxima",
  "Email Address": "Dirección de correo electrónico",
  "Email": "Correo electrónico",
  "Phone number": "Número de teléfono",
  "Password": "Contraseña",
  "Forgot Password?": "Contraseña olvidada ?",
  "Or Log in with": "O inicia sesión con",
  "Log in With Google": "Iniciar sesión con Google",
  "Log in With Facebook": "Iniciar sesión con Facebook",
  "Don\\'t have account? ": "¿No tienes cuenta? ",
  "First Name": "Nombre de pila",
  "Last Name": "Apellido",
  "I want to create an account": "Quiero crear una cuenta",
  "I agree with ": "estoy de acuerdo con ",
  "Privacy and Terms": "Privacidad y Términos",
  "Have you an account? ": "¿Tienes una cuenta? ",
  "Forget Password": "Contraseña olvidada",
  "Send Code": "Enviar código",
  "Email Sent": "Email enviado",
  "Check your email and open the link we sent to continue": "Revisa tu correo electrónico y abre el enlace que te enviamos para continuar",
  "Go to Email": "Ir a Correo electrónico",
  "Code from Email": "Código de correo electrónico",
  "Reset Password": "Restablecer la contraseña",
  "Type new Password": "Escriba una nueva contraseña",
  "Confirm Password": "confirmar Contraseña",
  "Your password was reset": "Tu contraseña fue restablecida",
  "Go to Login": "Ir a Iniciar sesión",
  "Back to Products": "Volver a Productos",
  "You might also like": "También podría gustarte",
  "Categories": "Categorías",
  "Description": "Descripción",
  "Size:": "Tamaño:",
  "SALE": "VENTA",
  "Products": "productos",
  "See All": "Ver todo",
  "Show products": "mostrar productos",
  "Available: ": "Disponible: ",
  "Rates": "Tarifas",
  "SKU": "SKU",
  "Product": "Producto",
  "Reviews": "Reseñas",
  "Elisabeth on": "Isabel en",
  "Report": "Informe",
  "Show more Reviews": "Mostrar más Reseñas",
  "Write a Review": "Escribe una reseña",
  "Send Review": "Enviar revisión",
  "Your Name": "Su nombre",
  "Review Title": "Título de Revisión",
  "Select your Rate:": "Selecciona tu Tarifa:",
  "Filters": "filtros",
  "Tags": "Etiquetas",
  "Price Range": "Rango de precios",
  "Colors": "Colores",
  "Size": "Tamaño",
  "Show Results": "Mostrar resultados",
  "Clear Filters": "Borrar filtros",
  "Hello!": "¡Hola!",
  "Find cool products fit your style": "Encuentre productos geniales que se ajusten a su estilo",
  "Best Sellers": "Las más vendidas",
  "On sale Today": "A la venta hoy",
  "Best Man Collection": "Colección padrino",
  "Top Rated Products": "Productos mejor calificados",
  "Our Blog Posts": "Nuestras publicaciones de blog",
  "New Collections": "Nuevas Colecciones",
  "products": "productos",
  "are found": "se encuentran",
  "Select Saved Address": "Seleccionar dirección guardada",
  "Go to Shipping": "Ir a Envío",
  "Or Select from the map": "O Seleccione del mapa",
  "Cart": "Carro",
  "Have you a Coupon Code?": "¿Tienes un código de cupón?",
  "Apply": "Aplicar",
  "Continue": "Continuar",
  "Total Price": "Precio total",
  "Price": "Precio",
  "Color": "Color",
  "Checkout": "Verificar",
  "It’s Ordered!": "¡Está ordenado!",
  "Your order": "Su pedido",
  "was successfully placed!": "fue colocado exitosamente!",
  "Back to Shop": "Volver a la tienda",
  "Change": "Cambiar",
  "Delivery": "Entrega",
  "Payment": "Pago",
  "Finalize!": "¡Finalizar!",
  "Select Payment Service": "Seleccionar servicio de pago",
  "Go to Preview": "Ir a vista previa",
  "Select place from the map": "Seleccionar lugar del mapa",
  "Save Address": "Guardar dirección",
  "Select Shipping Service": "Seleccionar servicio de envío",
  "Go to Payment": "Ir a Pago",
  "Gathering information's": "Reuniendo información",
  "Best Articles": "Mejores artículos",
  "Featured Article": "Artículo destacado",
  "Currencies": "Monedas",
  "Change Currency": "Cambiar moneda",
  "Which currency do you prefer?": "¿Qué moneda prefieres?",
  "Languages": "Idiomas",
  "Change Language": "Cambiar idioma",
  "Which language do you prefer?": "¿Qué idioma prefieres?",
  "Orders History": "Historial de pedidos",
  "Address:": "DIRECCIÓN:",
  "Status:": "Estado:",
  "Payment:": "Pago:",
  "Shipping Method:": "Método de envío:",
  "More information\\'s...": "Más información...",
  "Settings": "Ajustes",
  "General Settings": "Configuración general",
  "Save Changes": "Guardar cambios",
  "My Wishlist": "mi lista de deseos",
  "Get Notification": "Obtener la notificación",
  "Order History": "Historial de pedidos",
  "Dark Theme": "Tema oscuro",
  "Theme": "Tema",
  "Add to cart or delete": "Añadir al carrito o eliminar",
  "Save your products for next order": "Guarda tus productos para el próximo pedido",
  "Your wishlist is Empty": "Tu lista de deseos Esta vacía",
  "Wishlist": "Lista de deseos",
  "Profile": "Perfil",
  "Display Name": "Nombre para mostrar",
  "Menu": "Menú",
  "Address": "DIRECCIÓN",
  "Shipping": "Envío",
  "Finalize": "Finalizar",
  "Date": "Fecha",
  "Featured": "Presentado",
  "On Sale": "En venta",
  "Shop": "Comercio",
  "Blog": "Blog",
  "Logout": "Cerrar sesión"
}