{
  "Welcome you GoStore": "Menyambut Anda GoStore",
  "GoStore is on the wat to serve you": "Penyimpanan sedang dalam perjalanan untuk melayani Anda",
  "Select Language": "Pilih bahasa",
  "It is a long established fact that a reader will be distracted by the readable content of a page when looking at its layout": "Sudah menjadi fakta lama bahwa pembaca akan terganggu oleh konten halaman yang dapat dibaca saat melihat tata letaknya",
  "Cancel": "Membatalkan",
  "Connect Surrounding World": "Hubungkan Dunia Sekitar",
  "Let’s Get Started": "Mari Kita Mulai",
  "Waiting no more, let’s see what we get!": "Tunggu apa lagi, mari kita lihat apa yang kita dapatkan!",
  "Sign In": "Masuk",
  "Sign Up": "Mendaftar",
  "Skip": "Melewati",
  "Get Started": "Memulai",
  "Next": "Berikutnya",
  "Email Address": "Alamat email",
  "Email": "Surel",
  "Phone number": "Nomor telepon",
  "Password": "Kata sandi",
  "Forgot Password?": "Tidak ingat kata sandi?",
  "Or Log in with": "Atau Masuk dengan",
  "Log in With Google": "Masuk Dengan Google",
  "Log in With Facebook": "Masuk dengan Facebook",
  "Don\\'t have account? ": "Tidak punya akun? ",
  "First Name": "Nama depan",
  "Last Name": "Nama keluarga",
  "I want to create an account": "Saya ingin membuat akun",
  "I agree with ": "saya setuju dengan",
  "Privacy and Terms": "Privasi dan Ketentuan",
  "Have you an account? ": "Apakah Anda punya akun?",
  "Forget Password": "Lupa Password",
  "Send Code": "Kirim Kode",
  "Email Sent": "Email terkirim",
  "Check your email and open the link we sent to continue": "Periksa email Anda dan buka tautan yang kami kirimkan untuk melanjutkan",
  "Go to Email": "Buka Email",
  "Code from Email": "Kode dari Email",
  "Reset Password": "Atur Ulang Kata Sandi",
  "Type new Password": "Ketik Kata Sandi baru",
  "Confirm Password": "konfirmasi sandi",
  "Your password was reset": "Kata sandi Anda telah disetel ulang",
  "Go to Login": "Pergi ke Masuk",
  "Back to Products": "Kembali ke Produk",
  "You might also like": "Anda mungkin juga suka",
  "Categories": "Kategori",
  "Description": "Keterangan",
  "Size:": "Ukuran:",
  "SALE": "PENJUALAN",
  "Products": "Produk",
  "See All": "Lihat semua",
  "Show products": "Tampilkan produk",
  "Available: ": "Tersedia: ",
  "Rates": "Tarif",
  "SKU": "SKU",
  "Product": "Produk",
  "Reviews": "Ulasan",
  "Elisabeth on": "Elisabeth aktif",
  "Report": "Laporan",
  "Show more Reviews": "Tampilkan lebih banyak Ulasan",
  "Write a Review": "Menulis review",
  "Send Review": "Kirim Ulasan",
  "Your Name": "Namamu",
  "Review Title": "Judul Ulasan",
  "Select your Rate:": "Pilih Tarif Anda:",
  "Filters": "Filter",
  "Tags": "Tags",
  "Price Range": "Kisaran harga",
  "Colors": "Warna",
  "Size": "Ukuran",
  "Show Results": "Tampilkan Hasil",
  "Clear Filters": "Hapus Filter",
  "Hello!": "Halo!",
  "Find cool products fit your style": "Temukan produk keren yang sesuai dengan gaya Anda",
  "Best Sellers": "Penjualan terbaik",
  "On sale Today": "Dijual Hari ini",
  "Best Man Collection": "Koleksi Pria Terbaik",
  "Top Rated Products": "Produk Nilai Tertinggi",
  "Our Blog Posts": "Posting Blog Kami",
  "New Collections": "Koleksi Baru",
  "products": "produk",
  "are found": "Ditemukan",
  "Select Saved Address": "Pilih Alamat Tersimpan",
  "Go to Shipping": "Pergi ke Pengiriman",
  "Or Select from the map": "Atau Pilih dari peta",
  "Cart": "Keranjang",
  "Have you a Coupon Code?": "Apakah Anda memiliki Kode Kupon?",
  "Apply": "Menerapkan",
  "Continue": "Melanjutkan",
  "Total Price": "Total harga",
  "Price": "Harga",
  "Color": "Warna",
  "Checkout": "Periksa",
  "It’s Ordered!": "Sudah dipesan! ",
  "Your order": "pesanan Anda",
  "was successfully placed!": "berhasil ditempatkan!",
  "Back to Shop": "Kembali ke Toko",
  "Change": "Mengubah",
  "Delivery": "Pengiriman",
  "Payment": "Pembayaran",
  "Finalize!": "Menyelesaikan!",
  "Select Payment Service": "Pilih Layanan Pembayaran",
  "Go to Preview": "Buka Pratinjau",
  "Select place from the map": "Pilih tempat dari peta",
  "Save Address": "Simpan Alamat",
  "Select Shipping Service": "Pilih Jasa Pengiriman",
  "Go to Payment": "Pergi ke Pembayaran",
  "Gathering information's": "Mengumpulkan informasi",
  "Best Articles": "Artikel Terbaik",
  "Featured Article": "Artikel Pilihan",
  "Currencies": "Mata uang",
  "Change Currency": "Ubah Mata Uang",
  "Which currency do you prefer?": "Mata uang mana yang Anda sukai?",
  "Languages": "Bahasa",
  "Change Language": "Ganti BAHASA",
  "Which language do you prefer?": "Bahasa apa yang Anda sukai?",
  "Orders History": "Riwayat Pesanan",
  "Address:": "Alamat:",
  "Status:": "Status:",
  "Payment:": "Pembayaran:",
  "Shipping Method:": "Metode pengiriman:",
  "More information\\'s...": "Informasi lebih lanjut...",
  "Settings": "Pengaturan",
  "General Settings": "Pengaturan Umum",
  "Save Changes": "Simpan perubahan",
  "My Wishlist": "Keinginanku",
  "Get Notification": "Dapatkan Pemberitahuan",
  "Order History": "Riwayat Pesanan",
  "Dark Theme": "Tema gelap",
  "Theme": "Tema",
  "Add to cart or delete": "Tambahkan ke troli atau hapus",
  "Save your products for next order": "Simpan produk Anda untuk pesanan berikutnya",
  "Your wishlist is Empty": "Daftar keinginan anda kosong",
  "Wishlist": "Daftar Keinginan",
  "Profile": "Profil",
  "Display Name": "Nama tampilan",
  "Menu": "Menu",
  "Address": "Alamat",
  "Shipping": "Pengiriman",
  "Finalize": "Menyelesaikan",
  "Date": "Tanggal",
  "Featured": "Unggulan",
  "On Sale": "Di jual",
  "Shop": "Toko",
  "Blog": "Blog",
  "Logout": "Keluar"
}