{
  "Welcome you GoStore": "Witamy GoStore",
  "GoStore is on the wat to serve you": "StoraGe jest w drodze, aby Ci służyć",
  "Select Language": "Wybierz język",
  "It is a long established fact that a reader will be distracted by the readable content of a page when looking at its layout": "Od dawna wiadomo, że czytelnik będzie rozpraszany czytelną zawartością strony, patrząc na jej układ",
  "Cancel": "Anulować",
  "Connect Surrounding World": "Połącz otaczający świat",
  "Let’s Get Started": "Zacznijmy",
  "Waiting no more, let’s see what we get!": "Nie czekając dłużej, zobaczmy, co otrzymamy!",
  "Sign In": "Zalogować się",
  "Sign Up": "Zapisać się",
  "Skip": "Pominąć",
  "Get Started": "Zaczynaj",
  "Next": "Następny",
  "Email Address": "Adres e-mail",
  "Email": "E-mail",
  "Phone number": "Numer telefonu",
  "Password": "Hasło",
  "Forgot Password?": "Zapomniałeś hasła?",
  "Or Log in with": "Lub Zaloguj się za pomocą",
  "Log in With Google": "Zaloguj się przez Google",
  "Log in With Facebook": "Zaloguj się przez facebook",
  "Don\\'t have account? ": "Nie masz konta? ",
  "First Name": "Imię",
  "Last Name": "Nazwisko",
  "I want to create an account": "Chcę założyć konto",
  "I agree with ": "zgadzam się z ",
  "Privacy and Terms": "Prywatność i warunki",
  "Have you an account? ": "Czy masz konto? ",
  "Forget Password": "Zapomnij hasło",
  "Send Code": "Wyślij kod",
  "Email Sent": "E-mail wysłany",
  "Check your email and open the link we sent to continue": "Sprawdź swoją skrzynkę e-mail i otwórz link, który wysłaliśmy, aby kontynuować",
  "Go to Email": "Przejdź do E-mail",
  "Code from Email": "Kod z e-maila",
  "Reset Password": "Zresetuj hasło",
  "Type new Password": "Wpisz nowe hasło",
  "Confirm Password": "Potwierdź hasło",
  "Your password was reset": "Twoje hasło zostało zresetowane",
  "Go to Login": "Przejdź do logowania",
  "Back to Products": "Powrót do produktów",
  "You might also like": "Może ci się spodobać również",
  "Categories": "Kategorie",
  "Description": "Opis",
  "Size:": "Rozmiar:",
  "SALE": "SPRZEDAŻ",
  "Products": "Produkty",
  "See All": "Widzieć wszystko",
  "Show products": "Pokaż produkty",
  "Available: ": "Dostępny: ",
  "Rates": "Stawki",
  "SKU": "SKU",
  "Product": "Produkt",
  "Reviews": "Opinie",
  "Elisabeth on": "Elżbieta na",
  "Report": "Raport",
  "Show more Reviews": "Pokaż więcej recenzji",
  "Write a Review": "Napisać recenzję",
  "Send Review": "Wyślij recenzję",
  "Your Name": "Twoje imię",
  "Review Title": "Tytuł recenzji",
  "Select your Rate:": "Wybierz swoją stawkę:",
  "Filters": "Filtry",
  "Tags": "Tagi",
  "Price Range": "Przedział cenowy",
  "Colors": "Zabarwienie",
  "Size": "Rozmiar",
  "Show Results": "Pokaż wyniki",
  "Clear Filters": "Wyczyść filtry",
  "Hello!": "Cześć!",
  "Find cool products fit your style": "Znajdź fajne produkty pasujące do Twojego stylu",
  "Best Sellers": "Bestsellery",
  "On sale Today": "W sprzedaży Dzisiaj",
  "Best Man Collection": "Kolekcja Best Man",
  "Top Rated Products": "Najwyżej oceniane produkty",
  "Our Blog Posts": "Nasze posty na blogu",
  "New Collections": "Nowe kolekcje",
  "products": "produkty",
  "are found": "są znalezione",
  "Select Saved Address": "Wybierz Zapisany adres",
  "Go to Shipping": "Przejdź do Wysyłka",
  "Or Select from the map": "Lub Wybierz z mapy",
  "Cart": "Wózek",
  "Have you a Coupon Code?": "Czy masz kod kuponu?",
  "Apply": "Stosować",
  "Continue": "Kontynuować",
  "Total Price": "Cena całkowita",
  "Price": "Cena",
  "Color": "Kolor",
  "Checkout": "Wymeldować się",
  "It’s Ordered!": "Zamówione!",
  "Your order": "Twoje zamówienie",
  "was successfully placed!": "został pomyślnie umieszczony!",
  "Back to Shop": "Powrót do sklepu",
  "Change": "Zmiana",
  "Delivery": "Dostawa",
  "Payment": "Zapłata",
  "Finalize!": "Sfinalizować!",
  "Select Payment Service": "Wybierz usługę płatności",
  "Go to Preview": "Przejdź do podglądu",
  "Select place from the map": "Wybierz miejsce z mapy",
  "Save Address": "Zapisz adres",
  "Select Shipping Service": "Wybierz usługę wysyłkową",
  "Go to Payment": "Przejdź do Płatności",
  "Gathering information's": "Zbieranie informacji",
  "Best Articles": "Najlepsze artykuły",
  "Featured Article": "Polecany artykuł",
  "Currencies": "Waluty",
  "Change Currency": "Zmień walutę",
  "Which currency do you prefer?": "Którą walutę wolisz?",
  "Languages": "Języki",
  "Change Language": "Zmień język",
  "Which language do you prefer?": "Który język wolisz?",
  "Orders History": "Historia zamówień",
  "Address:": "Adres:",
  "Status:": "Status:",
  "Payment:": "Zapłata:",
  "Shipping Method:": "Sposób wysyłki:",
  "More information\\'s...": "Więcej informacji...",
  "Settings": "Ustawienia",
  "General Settings": "Ustawienia główne",
  "Save Changes": "Zapisz zmiany",
  "My Wishlist": "Moja lista życzeń",
  "Get Notification": "Dostać powiadomienie",
  "Order History": "Historia zamówień",
  "Dark Theme": "Ciemny schemat",
  "Theme": "Temat",
  "Add to cart or delete": "Dodaj do koszyka lub usuń",
  "Save your products for next order": "Zachowaj swoje produkty do następnego zamówienia",
  "Your wishlist is Empty": "Twoja lista życzeń jest pusta",
  "Wishlist": "Lista życzeń",
  "Profile": "Profil",
  "Display Name": "Wyświetlana nazwa",
  "Menu": "Menu",
  "Address": "Adres",
  "Shipping": "Wysyłka",
  "Finalize": "Sfinalizować",
  "Date": "Data",
  "Featured": "Wyróżniony",
  "On Sale": "Na wyprzedaży",
  "Shop": "Sklep",
  "Blog": "Blog",
  "Logout": "Wyloguj"
}