{
  "Welcome you GoStore": "Ласкаво просимо GoStore",
  "GoStore is on the wat to serve you": "StoraGe на шляху до ваших послуг",
  "Select Language": "Оберіть мову",
  "It is a long established fact that a reader will be distracted by the readable content of a page when looking at its layout": "Давно встановлено, що читач відволікатиметься на читабельний вміст сторінки, дивлячись на її макет",
  "Cancel": "Скасувати",
  "Connect Surrounding World": "З’єднайте навколишній світ",
  "Let’s Get Started": "Давайте розпочнемо",
  "Waiting no more, let’s see what we get!": "Не чекайте більше, давайте подивимось, що ми отримаємо!",
  "Sign In": "Увійти",
  "Sign Up": "Зареєструватися",
  "Skip": "Пропустити",
  "Get Started": "Почати",
  "Next": "Далі",
  "Email Address": "Адреса електронної пошти",
  "Email": "Електронна пошта",
  "Phone number": "Номер телефону",
  "Password": "Пароль",
  "Forgot Password?": "Забули пароль?",
  "Or Log in with": "Або увійдіть за допомогою",
  "Log in With Google": "Увійдіть за допомогою Google",
  "Log in With Facebook": "Увійдіть за допомогою Facebook",
  "Don\\'t have account? ": "Немає облікового запису? ",
  "First Name": "Ім'я",
  "Last Name": "Прізвище",
  "I want to create an account": "Я хочу створити обліковий запис",
  "I agree with ": "я погоджуюсь з ",
  "Privacy and Terms": "Конфіденційність і умови",
  "Have you an account? ": "У вас є обліковий запис? ",
  "Forget Password": "Забули пароль",
  "Send Code": "Надіслати код",
  "Email Sent": "Листа відправлено",
  "Check your email and open the link we sent to continue": "Перевірте свою електронну пошту та перейдіть за посиланням, яке ми надіслали, щоб продовжити",
  "Go to Email": "Перейдіть до електронної пошти",
  "Code from Email": "Код з електронної пошти",
  "Reset Password": "Скинути пароль",
  "Type new Password": "Введіть новий пароль",
  "Confirm Password": "Підтвердьте пароль",
  "Your password was reset": "Ваш пароль скинуто",
  "Go to Login": "Перейдіть до входу",
  "Back to Products": "Назад до продуктів",
  "You might also like": "Вам також може сподобатися",
  "Categories": "Категорії",
  "Description": "опис",
  "Size:": "розмір:",
  "SALE": "ПРОДАЖ",
  "Products": "Продукти",
  "See All": "Бачити все",
  "Show products": "Показати продукти",
  "Available: ": "В наявності: ",
  "Rates": "Ставки",
  "SKU": "SKU",
  "Product": "Продукт",
  "Reviews": "Відгуки",
  "Elisabeth on": "Елізабет на",
  "Report": "звіт",
  "Show more Reviews": "Показати більше відгуків",
  "Write a Review": "Написати відгук",
  "Send Review": "Відправити відгук",
  "Your Name": "Твоє ім'я",
  "Review Title": "Назва огляду",
  "Select your Rate:": "Виберіть свій тариф:",
  "Filters": "Фільтри",
  "Tags": "Теги",
  "Price Range": "Діапазон цін",
  "Colors": "Кольори",
  "Size": "Розмір",
  "Show Results": "Показати результати",
  "Clear Filters": "Очистити фільтри",
  "Hello!": "Привіт!",
  "Find cool products fit your style": "Знайдіть круті вироби, які відповідають вашому стилю",
  "Best Sellers": "Найкращі продавці",
  "On sale Today": "У продажу сьогодні",
  "Best Man Collection": "Колекція Best Man",
  "Top Rated Products": "Продукти з найвищим рейтингом",
  "Our Blog Posts": "Наші публікації в блозі",
  "New Collections": "Нові колекції",
  "products": "продуктів",
  "are found": "знайдені",
  "Select Saved Address": "Виберіть Збережена адреса",
  "Go to Shipping": "Перейдіть до доставки",
  "Or Select from the map": "Або виберіть на карті",
  "Cart": "кошик",
  "Have you a Coupon Code?": "У вас є код купона?",
  "Apply": "Застосувати",
  "Continue": "Продовжити",
  "Total Price": "Загальна сума",
  "Price": "Ціна",
  "Color": "Колір",
  "Checkout": "Перевірити",
  "It’s Ordered!": "Замовлено!",
  "Your order": "Ваше замовлення",
  "was successfully placed!": "було успішно розміщено!",
  "Back to Shop": "Назад до магазину",
  "Change": "Зміна",
  "Delivery": "Доставка",
  "Payment": "Оплата",
  "Finalize!": "Завершити!",
  "Select Payment Service": "Виберіть Платіжний сервіс",
  "Go to Preview": "Перейдіть до попереднього перегляду",
  "Select place from the map": "Виберіть місце на карті",
  "Save Address": "Зберегти адресу",
  "Select Shipping Service": "Виберіть Службу доставки",
  "Go to Payment": "Перейдіть до Оплата",
  "Gathering information's": "Збір інформації",
  "Best Articles": "Найкращі статті",
  "Featured Article": "Вибрана стаття",
  "Currencies": "Валюти",
  "Change Currency": "Змінити валюту",
  "Which currency do you prefer?": "Якій валюті ви віддаєте перевагу?",
  "Languages": "Мови",
  "Change Language": "Змінити мову",
  "Which language do you prefer?": "Якій мові ви віддаєте перевагу?",
  "Orders History": "Історія замовлень",
  "Address:": "Адреса:",
  "Status:": "Статус:",
  "Payment:": "Оплата:",
  "Shipping Method:": "Метод доставки:",
  "More information\\'s...": "Більше інформації...",
  "Settings": "Налаштування",
  "General Settings": "Загальні налаштування",
  "Save Changes": "Зберегти зміни",
  "My Wishlist": "Мій список бажань",
  "Get Notification": "Отримати повідомлення",
  "Order History": "Історія Замовлень",
  "Dark Theme": "Темна тема",
  "Theme": "Тема",
  "Add to cart or delete": "Додати в кошик або видалити",
  "Save your products for next order": "Збережіть свої продукти для наступного замовлення",
  "Your wishlist is Empty": "Ваш список бажань порожній",
  "Wishlist": "Список бажань",
  "Profile": "Профіль",
  "Display Name": "Відображуване ім'я",
  "Menu": "Меню",
  "Address": "Адреса",
  "Shipping": "Доставка",
  "Finalize": "Доопрацювати",
  "Date": "Дата",
  "Featured": "Рекомендовані",
  "On Sale": "Продається",
  "Shop": "Магазин",
  "Blog": "Блог",
  "Logout": "Вийти"
}